alpha,bits,subband_order,n_images,psnr_mean,psnr_std,ssim_mean,ssim_std,mse_mean,mse_std,nonblind_ber_mean,nonblind_ber_std,nonblind_bit_accuracy_mean,nonblind_bit_accuracy_std,blind_ber_mean,blind_ber_std,blind_bit_accuracy_mean,blind_bit_accuracy_std,t_embed_ms_mean,t_embed_ms_std,t_nonblind_ms_mean,t_nonblind_ms_std,t_blind_ms_mean,t_blind_ms_std,blind_exact_rate,blind_decoder
0.005,8,LL,100,48.9958,1.652,0.9986,0.0008,0.8702,0.2608,0.0063,0.037,0.9938,0.037,0.5212,0.1659,0.4788,0.1659,2.1743,0.0567,3.2788,0.0789,2.5748,0.0668,0.0,models/windowed_cnn_grid/8bit_a0.005/windowed_cnn_best.pt@e257e675d5b9
0.005,16,LL,100,49.0151,1.6062,0.9985,0.0011,0.8633,0.2508,0.0112,0.0511,0.9888,0.0511,0.43,0.1353,0.57,0.1353,2.1816,0.055,3.2894,0.0917,3.155,0.0908,0.0,models/windowed_cnn_grid/16bit_a0.005/windowed_cnn_best.pt@78c5d254bc88
0.005,32,LL,100,49.006,1.5618,0.9985,0.001,0.8622,0.2407,0.0131,0.0251,0.9869,0.0251,0.3969,0.0894,0.6031,0.0894,2.1799,0.14,3.2725,0.0809,3.5927,0.1778,0.0,models/windowed_cnn_grid/32bit_a0.005/windowed_cnn_best.pt@1c3ef3c96e36
0.005,64,LL,100,48.9704,1.5731,0.9985,0.0008,0.8704,0.2484,0.0302,0.0434,0.9698,0.0434,0.3555,0.0761,0.6445,0.0761,2.1786,0.0459,3.2844,0.0832,4.4829,0.0939,0.0,models/windowed_cnn_grid/64bit_a0.005/windowed_cnn_best.pt@639e33db8499
0.005,128,LL,100,48.9658,1.5831,0.9985,0.0009,0.8713,0.2449,0.1302,0.0621,0.8698,0.0621,0.3801,0.0578,0.6199,0.0578,2.1767,0.0457,3.2892,0.0792,6.259,0.0773,0.0,models/windowed_cnn_grid/128bit_a0.005/windowed_cnn_best.pt@69622428c2f8
0.005,256,LL+HL,100,48.9462,1.5586,0.9985,0.0009,0.874,0.2442,0.1297,0.0603,0.8703,0.0603,,,,,3.4849,0.0971,5.8623,0.1907,,,,
0.01,8,LL,100,45.6995,2.0493,0.9982,0.0013,1.9277,0.7909,0.0037,0.0277,0.9962,0.0277,0.47,0.1602,0.53,0.1602,2.1752,0.0492,3.2904,0.0874,2.5474,0.0554,0.01,models/windowed_cnn_grid/8bit_a0.010/windowed_cnn_best.pt@3ed281d175ee
0.01,16,LL,100,45.6545,2.0152,0.9978,0.0031,1.9435,0.8013,0.005,0.0228,0.995,0.0228,0.3981,0.1301,0.6019,0.1301,2.1779,0.05,3.2928,0.0773,3.1095,0.0592,0.0,models/windowed_cnn_grid/16bit_a0.010/windowed_cnn_best.pt@af79e2a17126
0.01,32,LL,100,45.6002,1.9922,0.9979,0.0024,1.9602,0.7647,0.0181,0.0307,0.9819,0.0307,0.3444,0.0837,0.6556,0.0837,2.1737,0.0435,3.2852,0.0815,3.5817,0.0697,0.0,models/windowed_cnn_grid/32bit_a0.010/windowed_cnn_best.pt@5fbf855c344d
0.01,64,LL,100,45.5591,2.0231,0.998,0.0015,1.9886,0.8271,0.0361,0.0348,0.9639,0.0348,0.2992,0.0617,0.7008,0.0617,2.1737,0.0441,3.2926,0.0874,4.4628,0.0801,0.0,models/windowed_cnn_grid/64bit_a0.010/windowed_cnn_best.pt@426cd6b889d9
0.01,128,LL,100,45.583,2.0394,0.998,0.0015,1.9788,0.8121,0.1209,0.0534,0.8791,0.0534,0.3277,0.05,0.6723,0.05,2.1859,0.0486,3.3044,0.0826,6.2712,0.0926,0.0,models/windowed_cnn_grid/128bit_a0.010/windowed_cnn_best.pt@69c296fe46a2
0.01,256,LL+HL,100,45.5418,2.011,0.998,0.0016,1.9924,0.8065,0.1281,0.0418,0.8719,0.0418,,,,,3.467,0.0879,5.8473,0.192,,,,
0.015,8,LL,100,42.8652,2.4352,0.9977,0.0018,3.8385,1.823,0.0025,0.0249,0.9975,0.0249,0.4462,0.1898,0.5537,0.1898,2.1772,0.0494,3.2869,0.0807,2.558,0.0614,0.0,models/windowed_cnn_grid/8bit_a0.015/windowed_cnn_best.pt@231717150fda
0.015,16,LL,100,42.8158,2.3877,0.9971,0.0052,3.8645,1.811,0.0156,0.0445,0.9844,0.0445,0.3569,0.119,0.6431,0.119,2.1745,0.0478,3.2949,0.0876,3.1064,0.059,0.0,models/windowed_cnn_grid/16bit_a0.015/windowed_cnn_best.pt@30d8db51dac3
0.015,32,LL,100,42.7435,2.3692,0.9972,0.0038,3.9183,1.7944,0.0325,0.0431,0.9675,0.0431,0.2891,0.0753,0.7109,0.0753,2.1806,0.0507,3.3045,0.0907,3.5801,0.0522,0.0,models/windowed_cnn_grid/32bit_a0.015/windowed_cnn_best.pt@e188a3e68949
0.015,64,LL,100,42.7029,2.3686,0.9973,0.0025,3.9649,1.8896,0.0653,0.041,0.9347,0.041,0.2552,0.062,0.7448,0.062,2.1813,0.0482,3.2915,0.0847,4.4758,0.0939,0.0,models/windowed_cnn_grid/64bit_a0.015/windowed_cnn_best.pt@cf71fdb33c06
0.015,128,LL,100,42.7142,2.409,0.9974,0.0022,3.9669,1.8882,0.1398,0.0466,0.8602,0.0466,0.2909,0.0512,0.7091,0.0512,2.1748,0.0482,3.2953,0.084,6.2409,0.0772,0.0,models/windowed_cnn_grid/128bit_a0.015/windowed_cnn_best.pt@63001e544de6
0.015,256,LL+HL,100,42.6706,2.3799,0.9972,0.0029,3.9925,1.8726,0.1454,0.0396,0.8546,0.0396,,,,,3.483,0.0991,5.8342,0.1878,,,,
0.02,8,LL,100,40.6686,2.646,0.997,0.0028,6.4949,3.2833,0.0075,0.0388,0.9925,0.0388,0.3887,0.1811,0.6112,0.1811,2.1604,0.0408,3.2953,0.0895,2.5309,0.0538,0.04,models/windowed_cnn_grid/8bit_a0.020/windowed_cnn_best.pt@2184f195afca
0.02,16,LL,100,40.6042,2.5833,0.9961,0.0079,6.5522,3.2738,0.0281,0.0533,0.9719,0.0533,0.3306,0.1133,0.6694,0.1133,2.1791,0.0509,3.2993,0.0759,3.1016,0.0578,0.0,models/windowed_cnn_grid/16bit_a0.020/windowed_cnn_best.pt@da4243c7ddca
0.02,32,LL,100,40.5195,2.5528,0.9963,0.0053,6.6544,3.2434,0.0563,0.0538,0.9437,0.0538,0.2537,0.074,0.7462,0.074,2.1667,0.0439,3.2907,0.0825,3.5712,0.0563,0.0,models/windowed_cnn_grid/32bit_a0.020/windowed_cnn_best.pt@1282bdd944b2
0.02,64,LL,100,40.498,2.5571,0.9964,0.0037,6.7001,3.347,0.1,0.0521,0.9,0.0521,0.2352,0.0566,0.7648,0.0566,2.1752,0.0435,3.29,0.0848,4.4622,0.0487,0.0,models/windowed_cnn_grid/64bit_a0.020/windowed_cnn_best.pt@ff2fedf06329
0.02,128,LL,100,40.4999,2.594,0.9965,0.0032,6.7199,3.3688,0.1676,0.0512,0.8324,0.0512,0.277,0.0531,0.723,0.0531,2.18,0.0463,3.3081,0.0733,6.2463,0.0696,0.0,models/windowed_cnn_grid/128bit_a0.020/windowed_cnn_best.pt@185094eaf75f
0.02,256,LL+HL,100,40.4561,2.555,0.9963,0.0043,6.7561,3.3305,0.1745,0.0346,0.8255,0.0346,,,,,3.4671,0.0932,5.8601,0.1881,,,,
